{

	"alice": {
		"UserId": "980167ec-53b1-4cf0-9f42-7bc0d748882f",
		"UserName": "alice",
		"OrderNumber": 0,
		"City": "Redmond",
		"Street": "15703 NE 61st Ct",
		"State": "WA",
		"Country": "U.S.",
		"ZipCode": "98052",
		"CardNumber": "4012888888881881",
		"CardHolderName": "Alice Smith",
		"CardExpiration": "2024-12-31T22:00:00Z",
		"CardSecurityNumber": "123",
		"CardTypeId": 1
	},


	"bob": {
		"UserId": "c93e9a64-e4ee-42dc-a4a1-934a76b0880d",
		"UserName": "bob",
		"OrderNumber": 0,
		"City": "Redmond",
		"Street": "15703 NE 61st Ct",
		"State": "WA",
		"Country": "U.S.",
		"ZipCode": "98052",
		"CardNumber": "4012888888881881",
		"CardHolderName": "Bob Smith",
		"CardExpiration": "2024-12-31T22:00:00Z",
		"CardSecurityNumber": "123",
		"CardTypeId": 1
	}

}

