{"content": {"suites": {"0": {"status": {"total_pass": 0, "total_skip": 0, "total_xpass": 0, "total_xfail": 0, "total_rerun": 0, "total_fail": 1, "total_error": 0}, "tests": {"0": {"status": "FAIL", "message": "   pyodbc.ProgrammingError: ('42000', \"[42000] [Microsoft][ODBC Driver 18 for SQL Server][SQL Server]Could not find stored procedure 'None'. (2812) (SQLExecDirectW)\")\n", "test_name": "test_mss_create_order_success_flow", "rerun": "0"}}, "suite_name": "utils/try/test_stam.py"}}}, "date": "March 13, 2023", "start_time": 1678719031.2517662, "total_suite": 1, "status": "FAIL", "status_list": {"pass": "0", "fail": "1", "skip": "0", "error": "0", "xpass": "0", "xfail": "0", "rerun": "0"}, "total_tests": "1"}