{"content": {"suites": {"0": {"status": {"total_pass": 0, "total_skip": 0, "total_xpass": 0, "total_xfail": 0, "total_rerun": 0, "total_fail": 1, "total_error": 0}, "tests": {"0": {"status": "FAIL", "message": "   TypeError: create_order() takes 0 positional arguments but 1 was given\n", "test_name": "test_mss_create_order_success_flow", "rerun": "0"}}, "suite_name": "tests/test_stam.py"}, "1": {"suite_name": "tests/API - Tests/test_API.py", "tests": {"0": {"status": "FAIL", "message": "   TypeError: The first argument to execute must be a string or unicode query.\n", "test_name": "test_Canceling_order_in_status_submitted", "rerun": "0"}, "1": {"status": "FAIL", "message": "   TypeError: The first argument to execute must be a string or unicode query.\n", "test_name": "test_Canceling_order_in_status_awaiting", "rerun": "0"}, "2": {"status": "FAIL", "message": "   TypeError: The first argument to execute must be a string or unicode query.\n", "test_name": "test_Canceling_order_in_status_Stockconfirmed", "rerun": "0"}, "3": {"status": "FAIL", "message": "   TypeError: The first argument to execute must be a string or unicode query.\n", "test_name": "test_Canceling_order_in_status_paid", "rerun": "0"}, "4": {"status": "FAIL", "message": "   TypeError: The first argument to execute must be a string or unicode query.\n", "test_name": "test_Canceling_order_in_status_shipped", "rerun": "0"}, "5": {"status": "FAIL", "message": "   KeyError: 'eshop/ordering.backgroundtasks:linux-latest'\n", "test_name": "test_Update_order_from_submitted_to_shipped", "rerun": "0"}, "6": {"status": "FAIL", "message": "   TypeError: The first argument to execute must be a string or unicode query.\n", "test_name": "test_Update_order_from_Stockconfirmed_to_shipped", "rerun": "0"}, "7": {"status": "FAIL", "message": "   TypeError: The first argument to execute must be a string or unicode query.\n", "test_name": "test_Update_order_from_paid_to_shipped", "rerun": "0"}, "8": {"status": "FAIL", "message": "   TypeError: The first argument to execute must be a string or unicode query.\n", "test_name": "test_Update_order_from_cancel_to_shipped", "rerun": "0"}, "9": {"status": "FAIL", "message": "   KeyError: 'eshop/ordering.backgroundtasks:linux-latest'\n", "test_name": "test_order_tracking_is_status_submit", "rerun": "0"}, "10": {"status": "FAIL", "message": "   TypeError: The first argument to execute must be a string or unicode query.\n", "test_name": "test_order_tracking_is_status_Stockconfirmed", "rerun": "0"}, "11": {"status": "FAIL", "message": "   TypeError: The first argument to execute must be a string or unicode query.\n", "test_name": "test_order_tracking_is_status_paid", "rerun": "0"}, "12": {"status": "FAIL", "message": "   TypeError: The first argument to execute must be a string or unicode query.\n", "test_name": "test_order_tracking_is_status_shipped", "rerun": "0"}, "13": {"status": "FAIL", "message": "   TypeError: The first argument to execute must be a string or unicode query.\n", "test_name": "test_order_tracking_is_status_cancel", "rerun": "0"}}, "status": {"total_pass": 0, "total_skip": 0, "total_xpass": 0, "total_xfail": 0, "total_rerun": 0, "total_fail": 14, "total_error": 0}}, "2": {"suite_name": "tests/Functional - Tests/test_Functional.py", "tests": {"0": {"status": "FAIL", "message": "   TypeError: The first argument to execute must be a string or unicode query.\n", "test_name": "test_create_order_with_0_quantity", "rerun": "0"}, "1": {"status": "FAIL", "message": "   TypeError: The first argument to execute must be a string or unicode query.\n", "test_name": "test_create_order_with_emtpy_list_of_items", "rerun": "0"}}, "status": {"total_pass": 0, "total_skip": 0, "total_xpass": 0, "total_xfail": 0, "total_rerun": 0, "total_fail": 2, "total_error": 0}}, "3": {"suite_name": "tests/NFT - Tests/test_Reliability.py", "tests": {"0": {"status": "FAIL", "message": "   TypeError: The first argument to execute must be a string or unicode query.\n", "test_name": "test_recovery_in_status_awaitingvalidation", "rerun": "0"}, "1": {"status": "FAIL", "message": "   TypeError: The first argument to execute must be a string or unicode query.\n", "test_name": "test_recovery_in_status_Stockconfirmed", "rerun": "0"}, "2": {"status": "FAIL", "message": "   TypeError: The first argument to execute must be a string or unicode query.\n", "test_name": "test_recovery_in_status_awaitingvalidation_before", "rerun": "0"}, "3": {"status": "FAIL", "message": "   TypeError: The first argument to execute must be a string or unicode query.\n", "test_name": "test_recovery_in_status_Paid", "rerun": "0"}}, "status": {"total_pass": 0, "total_skip": 0, "total_xpass": 0, "total_xfail": 0, "total_rerun": 0, "total_fail": 4, "total_error": 0}}, "4": {"suite_name": "tests/NFT - Tests/test_Scalability.py", "tests": {"0": {"status": "FAIL", "message": "   TypeError: The first argument to execute must be a string or unicode query.\n", "test_name": "test_loads_message", "rerun": "0"}}, "status": {"total_pass": 0, "total_skip": 0, "total_xpass": 0, "total_xfail": 0, "total_rerun": 0, "total_fail": 1, "total_error": 0}}, "5": {"suite_name": "tests/NFT - Tests/test_Security.py", "tests": {"0": {"status": "FAIL", "message": "   TypeError: The first argument to execute must be a string or unicode query.\n", "test_name": "test_canceling_another_user_order", "rerun": "0"}, "1": {"status": "FAIL", "message": "   TypeError: The first argument to execute must be a string or unicode query.\n", "test_name": "test_update_another_user_order", "rerun": "0"}, "2": {"status": "FAIL", "message": "   TypeError: The first argument to execute must be a string or unicode query.\n", "test_name": "test_get_another_user_order", "rerun": "0"}}, "status": {"total_pass": 0, "total_skip": 0, "total_xpass": 0, "total_xfail": 0, "total_rerun": 0, "total_fail": 3, "total_error": 0}}, "6": {"suite_name": "tests/NFT - Tests/test_Security_unauthorized.py", "tests": {"0": {"status": "FAIL", "message": "   TypeError: The first argument to execute must be a string or unicode query.\n", "test_name": "test_get_order_by_id_in_status_unauthorized", "rerun": "0"}, "1": {"status": "FAIL", "message": "   TypeError: The first argument to execute must be a string or unicode query.\n", "test_name": "test_cancel_order_in_status_unauthorized", "rerun": "0"}, "2": {"status": "FAIL", "message": "   TypeError: The first argument to execute must be a string or unicode query.\n", "test_name": "test_update_order_in_status_unauthorized", "rerun": "0"}}, "status": {"total_pass": 0, "total_skip": 0, "total_xpass": 0, "total_xfail": 0, "total_rerun": 0, "total_fail": 3, "total_error": 0}}, "7": {"suite_name": "tests/Sanity - Test/test_try.py", "tests": {"0": {"status": "FAIL", "message": "   TypeError: The first argument to execute must be a string or unicode query.\n", "test_name": "test_mss_create_order_success_flow", "rerun": "0"}}, "status": {"total_pass": 0, "total_skip": 0, "total_xpass": 0, "total_xfail": 0, "total_rerun": 0, "total_fail": 1, "total_error": 0}}}}, "date": "March 15, 2023", "start_time": 1678864453.8858786, "total_suite": 8, "status": "FAIL", "status_list": {"pass": "0", "fail": "29", "skip": "0", "error": "0", "xpass": "0", "xfail": "0", "rerun": "0"}, "total_tests": "29"}