{"content": {"suites": {"0": {"status": {"total_pass": 0, "total_skip": 0, "total_xpass": 0, "total_xfail": 0, "total_rerun": 0, "total_fail": 1, "total_error": 0}, "tests": {"0": {"status": "FAIL", "message": "       assert 481 == 495\n", "test_name": "test_mss_create_order_success_flow", "rerun": "0"}}, "suite_name": "tests/test_stam.py"}, "1": {"suite_name": "tests/API - Tests/test_API.py", "tests": {"0": {"status": "FAIL", "message": "       AssertionError: assert 'OrderStatusC...egrationEvent' == 'OrderStatusC...egrationEvent'\n         - OrderStatusChangedToSubmittedIntegrationEvent\n         ?                     ^^^^   ^^\n         + OrderStatusChangedToAwaitingValidationIntegrationEvent\n         ?                     ^^^  +++++++++ ^^^\n", "test_name": "test_Canceling_order_in_status_submitted", "rerun": "0"}}, "status": {"total_pass": 0, "total_skip": 0, "total_xpass": 0, "total_xfail": 0, "total_rerun": 0, "total_fail": 1, "total_error": 0}}}}, "date": "March 15, 2023", "start_time": 1678867175.2790282, "total_suite": 2, "status": "FAIL", "status_list": {"pass": "0", "fail": "2", "skip": "0", "error": "0", "xpass": "0", "xfail": "0", "rerun": "0"}, "total_tests": "2"}